{
  "threshold": 0.21000000000000002,
  "precision": 0.31907749403552177,
  "recall": 0.808915770609319,
  "f1": 0.45763893289398644
}