{
  "accuracy": 0.5861304623179228,
  "precision": 0.30897822718747453,
  "recall": 0.8487903225806451,
  "f1": 0.4530399952173133,
  "roc_auc": 0.7463845086607025
}